town11nm,latitude,longitude
carlton in lindrick,53.349382,-1.1117948
dorchester (west dorset),50.7109324,-2.4426484
ely,52.3990199,0.262039
market weighton,53.8561845,-0.6702829
downham market,52.6025943,0.3772655
penrith,54.6639133,-2.7522047
bolsover,53.228666,-1.2912756
march,49.3597062,17.3094202
southam,52.253094,-1.3884119
royston,52.0472741,-0.0246467
studley,52.2691194,-1.8958966
irthlingborough,52.3261928,-0.6128414
freshwater,50.6814402,-1.5231372
barnoldswick,53.9170798,-2.187322
wirksworth,53.0821999,-1.5732089
dalton-in-furness,54.1576246,-3.1794018
bedlington,55.1323903,-1.5980826
brigg,53.5525329,-0.4896411
widnes,53.3646888,-2.7283328
hethersett,52.5996582,1.1771333
coningsby airfield,NA,NA
amble,55.3337748,-1.5839378
skelton (redcar and cleveland),54.5609063,-0.9839132
seaford,38.6413452,-75.6114584
ryhill,53.6244638,-1.4176768
budleigh salterton,50.6310504,-3.3299844
great dunmow,51.8733522,0.3579815
wideopen,55.045797,-1.6217734
frodsham,53.2963636,-2.7114845
rothwell,52.4225111,-0.7987301
chard,45.94409,2.47593
hook (hart),51.2863211,-0.9517458
rainworth,53.1190917,-1.1187657
beverley,53.8425488,-0.4315677
haverhill,42.7777829,-71.0767724
st leonards,-33.8225666,151.1923402
upton (wakefield),53.6137249,-1.2861785
wincanton,51.0560417,-2.4112309
chinnor,51.7013543,-0.9111593
thurcroft,53.3906324,-1.2581706
exmouth,50.6190962,-3.4146801
bolton-le-sands,54.1066832,-2.8028352
crediton,50.7895868,-3.658963
henley-on-thames,51.5375786,-0.9050287
snodland,51.3349191,0.432657
meltham,53.5918594,-1.8504515
minehead,51.2057511,-3.4783542
daventry,52.2578681,-1.1626569
keyworth,52.8726961,-1.0880921
deal,51.2239544,1.4027344
hythe,51.0691421,1.0841634
ibstock,52.6883907,-1.3987871
market deeping,52.67537,-0.3174702
horncastle,53.2087265,-0.1169525
glastonbury,51.14804,-2.716577
witham,51.8019608,0.6383746
holmes chapel,53.1987334,-2.3618459
whaley bridge,53.3300532,-1.9834471
gerrards cross,51.5878131,-0.5537126
ulverston,54.190426,-3.0838997
chapeltown,53.4619775,-1.4654915
hornsea,53.9134596,-0.1689412
wem,52.8556312,-2.7241167
loughborough,52.7723859,-1.2077985
maghull,53.5176062,-2.9442553
southport,53.6475988,-3.0041751
thornbury,50.8532148,-4.2731341
street,51.1267494,-2.7397217
bishop's waltham,50.9623824,-1.2099161
frome,51.2294852,-2.3198467
bagshot,51.3611644,-0.6922638
ross-on-wye,51.9140804,-2.5838357
storrington,50.9184454,-0.45555
alnwick,55.4133398,-1.7072354
billinge,53.4974486,-2.7073893
hailsham,50.8628229,0.2730609
richmond,37.5385087,-77.43428
cheddar,51.2753365,-2.7766545
oakley (basingstoke and deane),51.2483569,-1.1809159
mablethorpe,53.3408271,0.2606772
lutterworth,52.4552224,-1.1997815
sawston,52.1252327,0.1693457
sidmouth,50.6790033,-3.237657
epping,49.1129518,7.3162243
torpoint,50.3755409,-4.2142532
hilton (south derbyshire),52.870637,-1.6340237
burghfield common,51.3972125,-1.0624237
buckingham,37.5558826,-78.5547172
netley,50.8760682,-1.348719
brackley,52.0278975,-1.1484657
ivybridge,50.3918419,-3.9177668
marske-by-the-sea,54.5919266,-1.0196792
denmead,50.9067747,-1.0857583
paddock wood,51.1810484,0.3889964
garforth,53.7904814,-1.392516
northallerton,54.3404812,-1.4344936
tenterden,51.0637215,0.6991989
market warsop,53.2052867,-1.1524572
tadcaster,53.8852975,-1.2595975
long ashton,51.4301496,-2.661841
hayle,50.1871402,-5.4178169
conisbrough,53.4810181,-1.2327396
nantwich,53.0671376,-2.5221184
market drayton,52.9045385,-2.491841
portishead,51.4806882,-2.7768562
crofton,39.0159546,-76.6842057
wotton-under-edge,51.6378241,-2.3547251
marple,53.3930149,-2.0693132
southwell,53.0782513,-0.9550786
dawlish,50.5797391,-3.468931
dronfield,53.3019998,-1.4752184
wootton bassett,51.5441829,-1.8972078000000001
hawkinge,51.1154427,1.1637543
peasedown st john,51.3151315,-2.4224588
new waltham,53.5336045,-0.0711531
dinnington (rotherham),53.3692237,-1.2035179
stansted mountfitchet,51.8991217,0.2005425
balsall common,52.3902971,-1.648477
bayston hill,52.6737146,-2.7670522
faringdon,51.654272,-1.5864251
weaverham,53.2580009,-2.5804872
ilminster,50.9267192,-2.9102756
ferryhill,54.6878678,-1.551036
raunds,52.3467093,-0.5265435
halstead,51.9453005,0.6425012
newport (isle of wight),50.7003707,-1.2952039
ponteland,55.0498798,-1.7435142
measham,52.7062735,-1.5074667
oakham,52.6666604,-0.7499676
brotton,54.5689495,-0.9364969
okehampton,50.7376667,-4.000316
great wakering,51.5429465,0.843767
clitheroe,53.8717465,-2.3926783
helsby,53.275305,-2.7660541
petersfield,51.0024945,-0.9392027
louth,53.3675163,-0.0022381
ashington (northumberland),55.1832364,-1.57027
newmarket,52.2443103,0.4065503
culcheth,53.4519289,-2.5225433
heswall,53.3283218,-3.1002176
sheerness,51.4398236,0.7620398
driffield,54.0050199,-0.439109
retford,53.3231315,-0.9424879
radcliffe on trent,52.9487898,-1.0369716
ruskington,53.0413872,-0.3804741
wigton,54.8246802,-3.1610942
leominster,42.5267443,-71.7614891
bodmin,50.470725,-4.7243205
caister-on-sea,52.6508309,1.72377
devizes,51.3525027,-1.9958302
cotgrave,52.9108868,-1.0375419
wingate,34.9843176,-80.4492319
elland,53.6856201,-1.83828
bishop's stortford,51.8676279,0.1631961
kenilworth,42.0894728,-87.7149295
hungerford,51.4126079,-1.5167069
countesthorpe,52.5543543,-1.1490818
easington (county durham),54.7850506,-1.3530807
new romney,50.9851198,0.9426566
highworth,51.6321973,-1.7116658
washingborough,53.2157641,-0.4814775
south ockendon,51.5093771,0.2827942
chipping norton,51.9382855,-1.5423957
west chiltington common,50.9430781,-0.458736
new rossington,53.4739095,-1.0748648
brightlingsea,51.8195831,1.0142983
stanford-le-hope,51.5138172,0.4252037
yeovil,50.9420451,-2.6318629
north baddesley,50.9837647,-1.4330989
amesbury,42.8579536,-70.9300921
crook,44.1460291,-120.3839476
shipston-on-stour,52.0630181,-1.6247264
maldon,51.731198,0.6791849
sudbury,46.49272,-80.991211
brandon (county durham),54.7511248,-1.6348035
ormskirk,53.5673603,-2.8859603
blyth (northumberland),55.1270903,-1.5099726
holbeach,52.80421,0.0180043
east horsley,51.2716408,-0.4291819
burwell,52.2757688,0.3282566
darlington,54.5242081,-1.5555812
axminster,50.7820966,-2.9979915
looe,50.3522702,-4.454196
southwater,51.0242057,-0.3523171
cranfield,52.0690205,-0.6079317
norton canes,52.6636094,-1.9783415
newquay,50.4134414,-5.0848836
hemsworth,53.6131631,-1.36018
lightwater,51.3494743,-0.6701098
bewdley,52.3754763,-2.3162408
sawtry,52.4380671,-0.2820551
millom,54.2106855,-3.2719019
thirsk,54.2327725,-1.3423775
huntingdon,40.3446332,-78.0281185
shirebrook,53.2063042,-1.2205319
sherborne,50.950265,-2.5179235
silsden,53.913185,-1.9374737
willington (county durham),54.7110471,-1.690453
south molton,51.0170696,-3.8330599
honiton,50.7981119,-3.1924599
chippenham (wiltshire),51.4587621,-2.1159032
gillingham (north dorset),51.0460433,-2.3040573
redbourn,51.7985104,-0.3951486
west mersea,51.7769754,0.917361
tring,51.7940357,-0.6609205
guisborough,54.5359551,-1.051085
olney,33.3711244,-98.7566946
new alresford,51.0895586,-1.1629772
marchwood,50.8878012,-1.4483258
rugeley,52.7589402,-1.9362042
saffron walden,52.021569,0.2411256
knutsford,53.3025402,-2.3716001
shepley,53.5887533,-1.7048254
biggleswade,52.0882012,-0.2589013
ripon,54.1362169,-1.5238006
selsey,50.7327781,-0.7922896
ilfracombe,51.2076674,-4.1254662
saltburn-by-the-sea,54.5846769,-0.9740921
ventnor,50.594976,-1.2029747
newton aycliffe,54.6218534,-1.5663624
newbiggin-by-the-sea,55.1853665,-1.5109345
filey,54.2096884,-0.2888382
hoo st werburgh,51.4235191,0.5591944
arlesey,52.0076781,-0.2617753
south woodham ferrers,51.6440357,0.6176655
earls barton,52.263397,-0.7455269
lichfield,52.6843696,-1.8275286
calverton,40.9117907,-72.7709709
blackfield,50.8179972,-1.3726143
yaxley,52.511405,-0.241231
lymm,53.3811782,-2.4764512
dereham,52.6802052,0.9386329
shrewsbury,52.707755,-2.7540658
witley,51.1331013,-0.6459792
newport (telford and wrekin),52.7688594,-2.3783676
beaconsfield,51.6082881,-0.6571233
croesowallt,NA,NA
chapel-en-le-frith,53.3232509,-1.9148352
longridge,53.8197811,-2.6008443
verwood,50.8801244,-1.8752368
whitchurch (shropshire),52.969273,-2.6839528
tidworth,51.2373025,-1.661548
bracebridge heath,53.1949272,-0.5345893
barton-upon-humber,53.6858065,-0.4395216
aylsham,52.7950031,1.2511895
poringland,52.5670782,1.3496312
manningtree,51.9450866,1.0630218
keynsham,51.4149818,-2.5006001
sleaford,52.99965,-0.4095586
barrow-in-furness,54.1288796,-3.2269008
wellesbourne,52.1947964,-1.5911203
clowne,53.2746354,-1.2685349
chatteris,52.4549017,0.0504338
brixham,50.3952404,-3.514544
murton (county durham),54.8155828,-1.3897513
tiverton,50.9025623,-3.4875797
hurstpierpoint,50.933463,-0.1781416
south hayling,50.7853802,-0.9780293
egremont,54.4838316,-3.5327921
swaffham,52.6481171,0.6909259
ledbury,52.0357457,-2.4287821
skipton,53.9618497,-2.0160287
bradford on avon,51.346715,-2.2504329
oundle,52.4808725,-0.4674161
sherburn in elmet,53.7975092,-1.2329024
ludlow,52.3679896,-2.7193114
bingham,43.1881598,-112.3598354
lewes,50.8746139,0.0051153
benson,48.0191362,-99.403103
liphook,51.0717506,-0.8002983
haxby,54.0175196,-1.0730544
shaftesbury,51.0056195,-2.1955975
bungay,52.4562248,1.4373413
calne,51.4388908,-2.0010978
king's hill,22.5111738,114.1695965
cobham (elmbridge),51.3300079,-0.4120821
beccles,52.4583779,1.5622924
tiptree,51.8105624,0.750687
peacehaven,50.7969519,0.0068955
tetbury,51.639272,-2.1594783
leighton buzzard,51.9165794,-0.6620551
broughton astley,52.5356492,-1.2308696
whittlesey,52.5550114,-0.122643
brandon (forest heath),NA,NA
cottenham,52.2973512,0.1403407
bourne,52.7682345,-0.3771579
staplehurst,51.1636637,0.5562139
cheadle,53.3936441,-2.2122068
brixworth,52.3244057,-0.8894063
chipping ongar,51.7059503,0.2453417
fleetwood,53.9219585,-3.0327286
shildon,54.6351323,-1.64795
hemsby,52.6940106,1.6831985
ashby-de-la-zouch,52.7471344,-1.4712148
wadebridge,50.5171441,-4.8340186
harpenden,51.8145103,-0.3549311
halesworth,52.3418147,1.5001649
attleborough,52.5179648,1.0105931
fleet,51.2828601,-0.8316334
ramsey (huntingdonshire),52.4494068,-0.1021136
wantage,51.5878072,-1.4249258
east leake,52.8298872,-1.1800839
askern,53.6167934,-1.1531828
long sutton (south holland),52.776787,0.1193859
battle,50.9265004,0.4757177
new ollerton,53.2042408,-1.0067597
uttoxeter,52.8980321,-1.8649214
bircotes,53.4167902,-1.0578974
north walsham,52.8213308,1.3861979
seaton (east devon),50.7045566,-3.0705105
stotfold,52.015001,-0.2251352
shepshed,52.7596918,-1.3028094
clacton-on-sea,51.7883997,1.1527865
whitby,54.4874141,-0.6155111
ashbourne,53.0173327,-1.7342725
cheltenham,51.8995685,-2.0711559
congleton,53.1635322,-2.2108035
rishton,40.3617599,71.2789455
todmorden,53.7137251,-2.097753
stocksbridge,53.4824835,-1.5901625
shifnal,52.6675866,-2.3729864
twyford (wokingham),51.4788077,-0.8648088
spennymoor,54.699551,-1.601153
stubbington,50.8259273,-1.2139229
alton (east hampshire),51.1489036,-0.9757677
radlett,51.6844228,-0.317677
withernsea,53.7309927,0.0271753
neston,53.2905172,-3.063792
middlewich,53.1927371,-2.4453171
edenbridge,51.1958271,0.0639341
maryport,54.705546,-3.4909949
wymondham (south norfolk),52.5764773,1.117928
creswell,43.9179023,-123.024526
saltash,50.4086702,-4.2112226
potters bar,51.6958889,-0.1848935
pembury,51.1415015,0.323818
clevedon,51.4360625,-2.8526531
anstey,52.6731584,-1.1957966
great torrington,50.9616387,-4.139834
wroughton,51.5252185,-1.7910777
tavistock,50.5496154,-4.1446358
codsall,52.6256957,-2.1960219
cockermouth,54.6614392,-3.3590111
blandford forum,50.8652479,-2.1571169
sittingbourne,51.3397366,0.7342319
buxton (high peak),53.2593422,-1.9100768
newhaven,55.9803295,-3.1948191
hadleigh,52.0441822,0.9542292
thetford,52.4156001,0.748712
billingshurst,51.0151333,-0.4495061
annfield plain,54.8578249,-1.7374865
emsworth,40.5100684,-80.0945006
bognor regis,50.7834973,-0.6730718
tarleton,53.6690655,-2.8625843
westbury (wiltshire),51.261079,-2.1836535
strensall,54.0367761,-1.0380357
liss,51.0415389,-0.899455
towcester,52.132756,-0.9894811
totnes,50.4322816,-3.6871525
hinckley,46.0113409,-92.9443707
yarm,54.5091419,-1.3543412
princes risborough,51.7221664,-0.8337605
seaham,54.8372106,-1.3355612
hexham,54.971478,-2.1017927
scunthorpe,53.5922488,-0.6450841
belper,53.0229029,-1.4817414
littleport,52.4570345,0.3065856
freckleton,53.7556952,-2.8527226
berwick-upon-tweed,55.7692442,-2.0026472
stratford-upon-avon,52.1927803,-1.70634
wombourne,52.5385482,-2.1842453
burgess hill,50.9575365,-0.1332853
spalding,33.2591296,-84.2770865
ampthill,52.0318886,-0.4929079
barnard castle,54.5448091,-1.924642
matlock,53.1374514,-1.5544694
aveley,51.5001066,0.2561792
morpeth,55.1675437,-1.6907444
fakenham,52.829919,0.8477322
lydney,51.7259292,-2.5313485
cleator moor,54.5138663,-3.5071098
brentwood,37.9317766,-121.696026
warrington,53.4018582,-2.5680224
coleshill (north warwickshire),52.4986469,-1.706679
winsford (cheshire west and chester),53.1920711,-2.5313108
kirkby,53.4821071,-2.8886045
alcester,52.2150202,-1.8695764
desborough,52.4413539,-0.812513
biddulph,53.1164587,-2.1730905
featherstone (wakefield),53.6776918,-1.3582713
witney,51.7838848,-1.4852861
liskeard,50.4546303,-4.4644227
faversham,51.3158434,0.8911283
market harborough,52.4777114,-0.9208575
swanage,50.6086976,-1.9571971
evesham,52.0940158,-1.9483083
canvey island,51.5241769,0.6084587
great malvern,52.1109798,-2.3285836
cambourne,52.219984,-0.0700777
salisbury,51.0690613,-1.7954134
lowestoft,52.4766308,1.7537638
crewkerne,50.8842116,-2.7952478
ilkley,53.9257254,-1.824441
skegness,53.1437506,0.3428958
malmesbury,51.58447,-2.0982042
danbury,41.394817,-73.4540111
hereford,52.0553813,-2.7151735
formby,53.5563035,-3.0656565
sandbach,53.1439168,-2.3622625
edwinstowe,53.1950668,-1.064615
st ives (cornwall),50.2088461,-5.4777671
pocklington,53.9315681,-0.7761036
melton mowbray,52.7645663,-0.8868896
catterick garrison,54.3735411,-1.7208472
tonbridge,51.1955494,0.2750712
ravenshead,53.0868821,-1.1611984
castle donington,52.8411689,-1.3409476
penkridge,52.7246633,-2.1127563
boston,42.3554334,-71.060511
crowborough,51.0590028,0.1635863
king's lynn,52.7538673,0.3954774
haywards heath,50.9999616,-0.1049747
bridgwater,51.1283378,-3.0037046
gainsborough,53.3995376,-0.7758801
dover,51.1251275,1.3134228
maidstone,51.2748258,0.5231646
bath,51.3813864,-2.3596963
scarborough,54.2820009,-0.4011868
oxted,51.2566507,-0.0041977
shepton mallet,51.1909451,-2.5461298
stone (stafford),52.9033037,-2.1477653
godmanchester,52.3196134,-0.1747101
polesworth,52.6258348,-1.6107049
otford,51.3109165,0.1866708
kingsbridge,50.2848555,-3.7789738
tewkesbury,51.9937857,-2.1549574
bulford camp,51.1927372,-1.7318701
west clandon,51.2608611,-0.5103708
prestwood,51.696897,-0.7342296
barnstaple,51.0804057,-4.0600467
preesall,53.9389824,-2.9786842
melksham,51.3759342,-2.1314633
warminster,51.2150766,-2.1721664
bridport,50.733785,-2.7589005
thame,51.7482733,-0.9781805
durham,54.666667,-1.75
rowlands gill,54.9220987,-1.7503658
redcarsd,NA,NA
kidderminstersd,NA,NA
chaddertonsd,NA,NA
longbentonsd,NA,NA
watfordsd,NA,NA
stevenagesd,NA,NA
ramsbottomsd,NA,NA
holmfirthsd,NA,NA
chalfordsd,NA,NA
churchsd,NA,NA
bentleysd,NA,NA
wednesburysd,NA,NA
bursledonsd,NA,NA
hyde (tameside)sd,NA,NA
clayton-le-moorssd,NA,NA
birstallsd,NA,NA
urmstonsd,NA,NA
poyntonsd,NA,NA
yorksd,NA,NA
hindleysd,NA,NA
duffieldsd,NA,NA
innsworthsd,NA,NA
uppermillsd,NA,NA
seaton delavalsd,NA,NA
sedgleysd,NA,NA
sandysd,NA,NA
launcestonsd,NA,NA
brinsleysd,NA,NA
gorleston-on-seasd,NA,NA
north ascotsd,NA,NA
walton-on-the-nazesd,NA,NA
borrowashsd,NA,NA
dunscroftsd,NA,NA
fence housessd,NA,NA
waresd,NA,NA
northamsd,NA,NA
farnboroughsd,NA,NA
baldocksd,NA,NA
letchworth garden citysd,NA,NA
chorleysd,NA,NA
guiseleysd,NA,NA
maidenheadsd,NA,NA
basingstokesd,NA,NA
swanleysd,NA,NA
horwichsd,NA,NA
thornton (wyre)sd,53.8997496,-3.0357605
ruddingtonsd,NA,NA
chorleywoodsd,NA,NA
shevington valesd,NA,NA
hedonsd,NA,NA
worthingsd,NA,NA
saltdeansd,NA,NA
romileysd,NA,NA
clifton (city of nottingham)sd,NA,NA
south elmsallsd,NA,NA
ashton-in-makerfieldsd,NA,NA
prescotsd,NA,NA
salesd,NA,NA
south kirkbysd,NA,NA
ecclessd,NA,NA
cottinghamsd,NA,NA
dewsburysd,NA,NA
systonsd,NA,NA
morleysd,NA,NA
gillinghamsd,NA,NA
peltonsd,NA,NA
rothwellsd,NA,NA
aldershotsd,NA,NA
dunstablesd,NA,NA
trimley st marysd,NA,NA
brauntonsd,NA,NA
hazel grovesd,NA,NA
northfleetsd,NA,NA
new miltonsd,NA,NA
heckmondwikesd,NA,NA
ashteadsd,NA,NA
altrinchamsd,NA,NA
hullbridgesd,NA,NA
bilstonsd,NA,NA
woodbridgesd,NA,NA
winchestersd,NA,NA
histonsd,NA,NA
dentonsd,NA,NA
plymstocksd,NA,NA
irlamsd,NA,NA
bedworthsd,NA,NA
brighton and hovesd,NA,NA
whickhamsd,NA,NA
kirkby-in-ashfieldsd,NA,NA
yattonsd,NA,NA
middleton (rochdale)sd,NA,NA
swintonsd,NA,NA
sandhurstsd,NA,NA
st austellsd,NA,NA
swallownestsd,NA,NA
dudley (dudley)sd,43.6294765,-98.3839267
great harwoodsd,NA,NA
grobysd,NA,NA
knottingleysd,NA,NA
cullomptonsd,NA,NA
wednesfieldsd,NA,NA
waterbeachsd,NA,NA
ince-in-makerfieldsd,NA,NA
salfordsd,NA,NA
halifaxsd,NA,NA
crowthornesd,NA,NA
bromsgrovesd,NA,NA
st blazeysd,NA,NA
gatleysd,NA,NA
bloxwichsd,NA,NA
pickeringsd,NA,NA
woburn sandssd,NA,NA
heathfieldsd,NA,NA
euxtonsd,NA,NA
westonsd,NA,NA
kingswinfordsd,NA,NA
uckfieldsd,NA,NA
wellssd,NA,NA
hetton-le-holesd,NA,NA
trowbridgesd,NA,NA
redhillsd,NA,NA
addlestonesd,NA,NA
haydocksd,NA,NA
colefordsd,NA,NA
smethwicksd,NA,NA
sutton in ashfieldsd,NA,NA
kidlingtonsd,NA,NA
chigwellsd,NA,NA
ossettsd,NA,NA
mansfield woodhousesd,NA,NA
southend-on-seasd,NA,NA
brierley hillsd,NA,NA
wallaseysd,NA,NA
harwichsd,NA,NA
barrow upon soarsd,NA,NA
kendalsd,NA,NA
south shieldssd,NA,NA
corshamsd,NA,NA
mirfieldsd,NA,NA
coppullsd,NA,NA
norwichsd,NA,NA
higham ferrerssd,NA,NA
norton-on-derwentsd,NA,NA
stourbridgesd,NA,NA
westhoughtonsd,NA,NA
felixstowesd,NA,NA
yatesd,NA,NA
goldthorpesd,NA,NA
whitehavensd,NA,NA
baildonsd,NA,NA
sheffordsd,NA,NA
leessd,NA,NA
steyningsd,NA,NA
nuneatonsd,NA,NA
wisbechsd,NA,NA
chathamsd,NA,NA
dukinfieldsd,NA,NA
falmouthsd,NA,NA
how woodsd,NA,NA
farnworthsd,NA,NA
sawbridgeworthsd,NA,NA
whitstablesd,NA,NA
cleckheatonsd,NA,NA
halesowensd,NA,NA
nailseasd,NA,NA
ashford (spelthorne)sd,NA,NA
sutton coldfieldsd,NA,NA
northwoodsd,NA,NA
manchestersd,NA,NA
narborough/enderbysd,NA,NA
great notleysd,NA,NA
north wingfieldsd,NA,NA
burnleysd,NA,NA
sohamsd,NA,NA
hatfieldsd,NA,NA
burnham-on-seasd,NA,NA
ingatestonesd,NA,NA
bingleysd,NA,NA
blackwatersd,NA,NA
crosbysd,NA,NA
sandownsd,NA,NA
hesslesd,NA,NA
bishop aucklandsd,NA,NA
imminghamsd,NA,NA
bootlesd,NA,NA
broughsd,NA,NA
oustonsd,NA,NA
polegatesd,NA,NA
haworthsd,NA,NA
great wyrleysd,NA,NA
thrapstonsd,NA,NA
broadstairssd,NA,NA
bansteadsd,NA,NA
cheadlesd,NA,NA
walthamsd,NA,NA
rawtenstallsd,NA,NA
houghton regissd,NA,NA
rowley regissd,NA,NA
workingtonsd,NA,NA
billinghamsd,NA,NA
hebburnsd,NA,NA
midsomer nortonsd,NA,NA
aldridgesd,NA,NA
kimberleysd,NA,NA
macclesfieldsd,NA,NA
windsorsd,NA,NA
walkdensd,NA,NA
darlastonsd,NA,NA
whitburnsd,NA,NA
burton latimersd,NA,NA
hucknallsd,NA,NA
oldbury (sandwell)sd,52.5286981,-1.9869961
dodworthsd,NA,NA
stalybridgesd,NA,NA
staplefordsd,NA,NA
moorendssd,NA,NA
bury st edmundssd,NA,NA
romseysd,NA,NA
caterhamsd,NA,NA
thatchamsd,NA,NA
sheringhamsd,NA,NA
cartertonsd,NA,NA
eastbournesd,NA,NA
darwensd,NA,NA
horburysd,NA,NA
braintreesd,NA,NA
carlton (gedling)sd,NA,NA
wallingfordsd,NA,NA
horshamsd,NA,NA
bacupsd,NA,NA
tyldesleysd,NA,NA
castlefordsd,NA,NA
woodingdeansd,NA,NA
heywoodsd,NA,NA
bramhallsd,NA,NA
hartley (sevenoaks)sd,NA,NA
thurnscoesd,NA,NA
radstocksd,NA,NA
crawleysd,NA,NA
worsbroughsd,NA,NA
littlehamptonsd,NA,NA
goolesd,NA,NA
mexboroughsd,NA,NA
east witteringsd,NA,NA
chichestersd,NA,NA
sturrysd,NA,NA
cromersd,NA,NA
ewellsd,NA,NA
throckleysd,NA,NA
penrynsd,NA,NA
borehamwoodsd,NA,NA
roytonsd,NA,NA
kibworth harcourtsd,NA,NA
thornton (bradford)sd,NA,NA
shipleysd,NA,NA
droylsdensd,NA,NA
thornesd,NA,NA
banburysd,NA,NA
sevenoakssd,NA,NA
bollingtonsd,NA,NA
shevingtonsd,NA,NA
blackburnsd,NA,NA
kempstonsd,NA,NA
cirencestersd,NA,NA
whetstonesd,NA,NA
brighousesd,NA,NA
nelson (pendle)sd,53.8341931,-2.2131208
whitefieldsd,NA,NA
trurosd,NA,NA
arnoldsd,NA,NA
stamfordsd,NA,NA
broseleysd,NA,NA
tauntonsd,NA,NA
ashton-under-lynesd,NA,NA
eckingtonsd,NA,NA
new millssd,NA,NA
oaklandssd,NA,NA
poolesd,NA,NA
windermeresd,NA,NA
ackworth moor topsd,NA,NA
rushdensd,NA,NA
alsagersd,NA,NA
oswaldtwistlesd,NA,NA
horndeansd,NA,NA
southwicksd,NA,NA
dartmouthsd,NA,NA
coseleysd,NA,NA
christchurchsd,NA,NA
birkenheadsd,NA,NA
fulwoodsd,NA,NA
great yarmouthsd,NA,NA
ingleby barwicksd,NA,NA
breastonsd,NA,NA
north hykehamsd,NA,NA
wivenhoesd,NA,NA
didcotsd,NA,NA
chadwell st marysd,NA,NA
waltham crosssd,NA,NA
eastwoodsd,NA,NA
bordonsd,NA,NA
cambornesd,NA,NA
blackheathsd,NA,NA
taverhamsd,NA,NA
little leversd,NA,NA
athertonsd,NA,NA
st ivessd,NA,NA
marlboroughsd,NA,NA
hertfordsd,NA,NA
west bridgfordsd,NA,NA
bletchleysd,NA,NA
berkhamstedsd,NA,NA
knaresboroughsd,NA,NA
willenhallsd,NA,NA
helstonsd,NA,NA
bulkingtonsd,NA,NA
ramsgatesd,NA,NA
adlingtonsd,NA,NA
kippaxsd,NA,NA
penzancesd,NA,NA
sheffieldsd,NA,NA
cheadle hulmesd,NA,NA
radcliffesd,NA,NA
coalvillesd,NA,NA
garstangsd,NA,NA
tiptonsd,NA,NA
bridlingtonsd,NA,NA
litherlandsd,NA,NA
kirkhamsd,NA,NA
barnsleysd,NA,NA
platt bridgesd,NA,NA
lutonsd,NA,NA
wath upon dearnesd,NA,NA
quorn (quorndon)sd,NA,NA
burscoughsd,NA,NA
dursleysd,NA,NA
harrogatesd,NA,NA
godalmingsd,NA,NA
kingsteigntonsd,NA,NA
bebingtonsd,NA,NA
east cowessd,NA,NA
frampton cotterell/winterbournesd,NA,NA
long eatonsd,NA,NA
west bromwich (east)sd,NA,NA
bolton upon dearnesd,NA,NA
lytham st anne'ssd,NA,NA
wellingtonsd,NA,NA
failsworthsd,NA,NA
haslingdensd,NA,NA
heyshamsd,NA,NA
cleethorpessd,NA,NA
walton-on-thamessd,NA,NA
pudseysd,NA,NA
grayshottsd,NA,NA
pontefractsd,NA,NA
stretfordsd,NA,NA
teignmouthsd,NA,NA
crewesd,NA,NA
gravesendsd,NA,NA
frimleysd,NA,NA
wraysburysd,NA,NA
newton abbotsd,NA,NA
morecambesd,NA,NA
silebysd,NA,NA
cleveleyssd,NA,NA
paultonsd,NA,NA
stakefordsd,NA,NA
yateleysd,NA,NA
stonehousesd,NA,NA
armthorpesd,NA,NA
stainforthsd,NA,NA
keighleysd,NA,NA
burnham-on-crouchsd,NA,NA
selstonsd,NA,NA
havantsd,NA,NA
golbornesd,NA,NA
cheshuntsd,NA,NA
shaw (oldham)sd,53.556816,-2.1247479
earl shiltonsd,NA,NA
shanklinsd,NA,NA
whitnashsd,NA,NA
hythesd,NA,NA
mossleysd,NA,NA
maltbysd,NA,NA
tottonsd,NA,NA
portslade-by-seasd,NA,NA
cross hillssd,NA,NA
west kirbysd,NA,NA
blaydonsd,NA,NA
killamarshsd,NA,NA
milnrowsd,NA,NA
bishop's cleevesd,NA,NA
ringwoodsd,NA,NA
dorkingsd,NA,NA
rawmarshsd,NA,NA
barrowfordsd,NA,NA
bournemouthsd,NA,NA
kearsleysd,NA,NA
ashford (ashford)sd,51.0961804,-4.1018003
southboroughsd,NA,NA
welwyn garden citysd,NA,NA
chalfont st gilessd,NA,NA
cowessd,NA,NA
cudworthsd,NA,NA
sandiacresd,NA,NA
doncastersd,NA,NA
selbysd,NA,NA
hartlepoolsd,NA,NA
wickfordsd,NA,NA
broomhall/windlesham/virginia watersd,NA,NA
eastleighsd,NA,NA
birminghamsd,NA,NA
ketteringsd,NA,NA
lymingtonsd,NA,NA
roystonsd,NA,NA
disssd,NA,NA
longtonsd,NA,NA
newcastle upon tynesd,NA,NA
eshersd,NA,NA
rytonsd,NA,NA
rochdalesd,NA,NA
st albanssd,NA,NA
north walneysd,NA,NA
kiveton parksd,NA,NA
catshillsd,NA,NA
canterburysd,NA,NA
normantonsd,NA,NA
folkestonesd,NA,NA
st neotssd,NA,NA
farehamsd,NA,NA
sunderlandsd,NA,NA
ripleysd,NA,NA
farnhamsd,NA,NA
boltonsd,NA,NA
guildfordsd,NA,NA
northamptonsd,NA,NA
heanorsd,NA,NA
burntwoodsd,NA,NA
abingdonsd,NA,NA
worsleysd,NA,NA
high wycombesd,NA,NA
bradfordsd,NA,NA
east grinsteadsd,NA,NA
brownhillssd,NA,NA
atherstonesd,NA,NA
burton upon trentsd,NA,NA
bamber bridgesd,NA,NA
wilmslowsd,NA,NA
gloucestersd,NA,NA
otleysd,NA,NA
busheysd,NA,NA
gatesheadsd,NA,NA
newport pagnellsd,NA,NA
ilkestonsd,NA,NA
newton-le-willowssd,NA,NA
tilburysd,NA,NA
droitwichsd,NA,NA
mountsorrelsd,NA,NA
chesterfieldsd,NA,NA
billericaysd,NA,NA
bidefordsd,NA,NA
wendoversd,NA,NA
jarrowsd,NA,NA
southamptonsd,NA,NA
tamworthsd,NA,NA
newburysd,NA,NA
hale (trafford)sd,NA,NA
weymouthsd,NA,NA
bracknellsd,NA,NA
cinderfordsd,NA,NA
cookhamsd,NA,NA
ferndownsd,NA,NA
cannocksd,NA,NA
royal tunbridge wellssd,NA,NA
prestonsd,NA,NA
oldhamsd,NA,NA
mildenhallsd,NA,NA
stoke-on-trentsd,NA,NA
accringtonsd,NA,NA
bedfordsd,NA,NA
peterleesd,NA,NA
exetersd,NA,NA
bristolsd,NA,NA
corbysd,NA,NA
reigatesd,NA,NA
stourport-on-severnsd,NA,NA
prudhoesd,NA,NA
hastingssd,NA,NA
stockportsd,NA,NA
rugbysd,NA,NA
marlowsd,NA,NA
aylesburysd,NA,NA
solihullsd,NA,NA
ipswichsd,NA,NA
liversedgesd,NA,NA
penistonesd,NA,NA
basildonsd,NA,NA
worksopsd,NA,NA
chertseysd,NA,NA
chelmsfordsd,NA,NA
standishsd,NA,NA
fazeleysd,NA,NA
andoversd,NA,NA
wattonsd,NA,NA
warlinghamsd,NA,NA
wingerworthsd,NA,NA
wokingsd,NA,NA
cheshamsd,NA,NA
woodleysd,NA,NA
yeadonsd,NA,NA
clay crosssd,NA,NA
runcornsd,NA,NA
wellingboroughsd,NA,NA
telfordsd,NA,NA
dittonsd,NA,NA
eghamsd,NA,NA
portsmouthsd,NA,NA
wolverhamptonsd,NA,NA
stainessd,NA,NA
torquaysd,NA,NA
nottinghamsd,NA,NA
paigntonsd,NA,NA
grimsbysd,NA,NA
west hallamsd,NA,NA
weston-super-maresd,NA,NA
beeston (broxtowe)sd,NA,NA
warwicksd,NA,NA
filtonsd,NA,NA
staffordsd,NA,NA
west kingsdownsd,NA,NA
rotherhamsd,NA,NA
leylandsd,NA,NA
leedssd,NA,NA
mansfieldsd,NA,NA
kingston upon hullsd,NA,NA
swadlincotesd,NA,NA
northwichsd,NA,NA
iver heathsd,NA,NA
rainfordsd,NA,NA
stroudsd,NA,NA
lancastersd,NA,NA
harlowsd,NA,NA
wokinghamsd,NA,NA
kidsgrovesd,NA,NA
littleboroughsd,NA,NA
camberleysd,NA,NA
sloughsd,NA,NA
tynemouthsd,NA,NA
alfretonsd,NA,NA
colchestersd,NA,NA
derbysd,NA,NA
wimborne minstersd,NA,NA
kingsnorth (ashford)sd,NA,NA
rydesd,NA,NA
cramlingtonsd,NA,NA
granthamsd,NA,NA
wombwellsd,NA,NA
chester-le-streetsd,NA,NA
kesgravesd,NA,NA
epsomsd,NA,NA
minster (swale)sd,NA,NA
horsforthsd,NA,NA
hoylakesd,NA,NA
coventrysd,NA,NA
rayleighsd,NA,NA
wigansd,NA,NA
partingtonsd,NA,NA
dudley (north tyneside)sd,NA,NA
middlesbroughsd,NA,NA
waltham abbeysd,NA,NA
consettsd,NA,NA
whitworthsd,NA,NA
peterboroughsd,NA,NA
carlislesd,NA,NA
royal leamington spasd,NA,NA
poulton-le-fyldesd,NA,NA
stanleysd,NA,NA
bexhillsd,NA,NA
plymouthsd,NA,NA
leicestersd,NA,NA
leeksd,NA,NA
wallsendsd,NA,NA
huddersfieldsd,NA,NA
hunstantonsd,NA,NA
cambridgesd,NA,NA
colnesd,NA,NA
weybridgesd,NA,NA
glossopsd,NA,NA
hoddesdonsd,NA,NA
staveleysd,NA,NA
burysd,NA,NA
redruthsd,NA,NA
amershamsd,NA,NA
swanscombesd,NA,NA
wetherbysd,NA,NA
locks heath/warsash/whiteleysd,NA,NA
nailsworthsd,NA,NA
leistonsd,NA,NA
skelmersdalesd,NA,NA
washingtonsd,NA,NA
ellesmere portsd,NA,NA
rickmansworthsd,NA,NA
carnforthsd,NA,NA
newcastle-under-lymesd,NA,NA
swindonsd,NA,NA
walsallsd,NA,NA
oxfordsd,NA,NA
shoreham-by-seasd,NA,NA
rochestersd,NA,NA
hoylandsd,NA,NA
hemel hempsteadsd,NA,NA
brierfieldsd,NA,NA
lincolnsd,NA,NA
worcestersd,NA,NA
stowmarketsd,NA,NA
grayssd,NA,NA
batleysd,NA,NA
rochfordsd,NA,NA
margatesd,NA,NA
haslemeresd,NA,NA
cranleighsd,NA,NA
bicestersd,NA,NA
bridgnorthsd,NA,NA
warehamsd,NA,NA
south normantonsd,NA,NA
liverpoolsd,NA,NA
merleysd,NA,NA
blackpoolsd,NA,NA
wakefieldsd,NA,NA
budesd,NA,NA
gosportsd,NA,NA
seatonsd,NA,NA
thornaby-on-teessd,NA,NA
adwick le streetsd,NA,NA
houghton-le-springsd,NA,NA
herne baysd,NA,NA
tadleysd,NA,NA
leatherheadsd,NA,NA
west bromwichsd,NA,NA
whitley baysd,NA,NA
horleysd,NA,NA
newark-on-trentsd,NA,NA
pershoresd,NA,NA
st helenssd,NA,NA
stockton-on-teessd,NA,NA
hitchinsd,NA,NA
burley in wharfedalesd,NA,NA
readingsd,NA,NA
hedge endsd,NA,NA
westergatesd,NA,NA
loughtonsd,NA,NA
milton keynessd,NA,NA
redditchsd,NA,NA
chestersd,NA,NA
inner londons,51.4980799,-0.0166647
outer londons,NA,NA
other smalls,NA,NA
not,38.1441301,-122.5576785
